current(mA),lambda(nm)
107.0,780.23125
128.5,780.25125
129.5,780.234
149.5,780.2535
