Energie,Abs,s_Abs
609647.95544,1.5944339894742,0.0369815757776
351589.608686,1.934823491,0.2934893339
185483.086634,3.307938020,2.01434452